Customerid,FirstName,LastName,Address,"City & Country"
1,Luís,Gonçalves,"Av. Brigadeiro Faria Lima, 2170",0
2,Leonie,Köhler,"Theodor-Heuss-Straße 34",0
3,François,Tremblay,"1498 rue Bélanger",0
4,Bjørn,Hansen,"Ullevålsveien 14",0
5,František,Wichterlová,"Klanova 9/506",0
6,Helena,Holý,"Rilská 3174/6",0
7,Astrid,Gruber,"Rotenturmstraße 4, 1010 Innere Stadt",0
8,Daan,Peeters,"Grétrystraat 63",0
9,Kara,Nielsen,"Sønder Boulevard 51",0
10,Eduardo,Martins,"Rua Dr. Falcão Filho, 155",0
11,Alexandre,Rocha,"Av. Paulista, 2022",0
12,Roberto,Almeida,"Praça Pio X, 119",0
13,Fernanda,Ramos,"Qe 7 Bloco G",0
14,Mark,Philips,"8210 111 ST NW",0
15,Jennifer,Peterson,"700 W Pender Street",0
16,Frank,Harris,"1600 Amphitheatre Parkway",0
17,Jack,Smith,"1 Microsoft Way",0
18,Michelle,Brooks,"627 Broadway",0
19,Tim,Goyer,"1 Infinite Loop",0
20,Dan,Miller,"541 Del Medio Avenue",0
21,Kathy,Chase,"801 W 4th Street",0
22,Heather,Leacock,"120 S Orange Ave",0
23,John,Gordon,"69 Salem Street",0
24,Frank,Ralston,"162 E Superior Street",0
25,Victor,Stevens,"319 N. Frances Street",0
26,Richard,Cunningham,"2211 W Berry Street",0
27,Patrick,Gray,"1033 N Park Ave",0
28,Julia,Barnett,"302 S 700 E",0
29,Robert,Brown,"796 Dundas Street West",0
30,Edward,Francis,"230 Elgin Street",0
31,Martha,Silk,"194A Chain Lake Drive",0
32,Aaron,Mitchell,"696 Osborne Street",0
33,Ellie,Sullivan,"5112 48 Street",0
34,João,Fernandes,"Rua da Assunção 53",0
35,Madalena,Sampaio,"Rua dos Campeões Europeus de Viena, 4350",0
36,Hannah,Schneider,"Tauentzienstraße 8",0
37,Fynn,Zimmermann,"Berger Straße 10",0
38,Niklas,Schröder,"Barbarossastraße 19",0
39,Camille,Bernard,"4, Rue Milton",0
40,Dominique,Lefebvre,"8, Rue Hanovre",0
41,Marc,Dubois,"11, Place Bellecour",0
42,Wyatt,Girard,"9, Place Louis Barthou",0
43,Isabelle,Mercier,"68, Rue Jouvence",0
44,Terhi,Hämäläinen,"Porthaninkatu 9",0
45,Ladislav,Kovács,"Erzsébet krt. 58.",0
46,Hugh,O'Reilly,"3 Chatham Street",0
47,Lucas,Mancini,"Via Degli Scipioni, 43",0
48,Johannes,"Van der Berg","Lijnbaansgracht 120bg",0
49,Stanisław,Wójcik,"Ordynacka 10",0
50,Enrique,Muñoz,"C/ San Bernardo 85",0
51,Joakim,Johansson,"Celsiusg. 9",0
52,Emma,Jones,"202 Hoxton Street",0
53,Phil,Hughes,"113 Lupus St",0
54,Steve,Murray,"110 Raeburn Pl",0
55,Mark,Taylor,"421 Bourke Street",0
56,Diego,Gutiérrez,"307 Macacha Güemes",0
57,Luis,Rojas,"Calle Lira, 198",0
58,Manoj,Pareek,"12,Community Centre",0
59,Puja,Srivastava,"3,Raj Bhavan Road",0
